[{"assetId":"b0c139ca-6ed5-4daa-bdda-76084a56fcaf","assetExternalId":"b0c139ca-6ed5-4daa-bdda-76084a56fcaf","_zipFilename":"b0c139ca-6ed5-4daa-bdda-76084a56fcaf.jpg","filename":"christian_bale.jpg","title":"christian_bale.jpg","codename":"christian_bale_jpg"},{"assetId":"4aed3ecc-7aab-44c4-9c19-2a5aab3fbdee","assetExternalId":"4aed3ecc-7aab-44c4-9c19-2a5aab3fbdee","_zipFilename":"4aed3ecc-7aab-44c4-9c19-2a5aab3fbdee.jpg","filename":"anne_hathaway.jpg","title":"anne_hathaway.jpg","codename":"anne_hathaway_jpg"},{"assetId":"a613c90b-da9e-4fb5-9da1-c913fe0eb2b2","assetExternalId":"a613c90b-da9e-4fb5-9da1-c913fe0eb2b2","_zipFilename":"a613c90b-da9e-4fb5-9da1-c913fe0eb2b2.jpg","filename":"bill_nighy.jpg","title":"bill_nighy.jpg","codename":"bill_nighy_jpg"},{"assetId":"dd9ed5ce-fc22-4779-96fc-2d9bcd60ade0","assetExternalId":"dd9ed5ce-fc22-4779-96fc-2d9bcd60ade0","_zipFilename":"dd9ed5ce-fc22-4779-96fc-2d9bcd60ade0.jpg","filename":"billy_crystal.jpg","title":"billy_crystal.jpg","codename":"billy_crystal_jpg"},{"assetId":"cff940a8-2b77-41af-9a02-946df5dc3bdf","assetExternalId":"cff940a8-2b77-41af-9a02-946df5dc3bdf","_zipFilename":"cff940a8-2b77-41af-9a02-946df5dc3bdf.jpg","filename":"kristen_wiig.jpg","title":"kristen_wiig.jpg","codename":"kristen_wiig_jpg"},{"assetId":"2855720a-4ca4-4687-826a-29f9635088e0","assetExternalId":"2855720a-4ca4-4687-826a-29f9635088e0","_zipFilename":"2855720a-4ca4-4687-826a-29f9635088e0.jpg","filename":"joel_edgerton.jpg","title":"joel_edgerton.jpg","codename":"joel_edgerton_jpg"},{"assetId":"ff319e8f-3e06-49d1-85ed-77b1bc754b45","assetExternalId":"ff319e8f-3e06-49d1-85ed-77b1bc754b45","_zipFilename":"ff319e8f-3e06-49d1-85ed-77b1bc754b45.jpg","filename":"matt_damon.jpg","title":"matt_damon.jpg","codename":"matt_damon_jpg"},{"assetId":"6cb99484-5cb2-4a60-88e6-c2b1e8eceeaf","assetExternalId":"6cb99484-5cb2-4a60-88e6-c2b1e8eceeaf","_zipFilename":"6cb99484-5cb2-4a60-88e6-c2b1e8eceeaf.jpg","filename":"domhnall_gleeson.jpg","title":"domhnall_gleeson.jpg","codename":"domhnall_gleeson_jpg"},{"assetId":"66a2c160-58d4-4cfb-aa9c-01cf32e1c6fa","assetExternalId":"66a2c160-58d4-4cfb-aa9c-01cf32e1c6fa","_zipFilename":"66a2c160-58d4-4cfb-aa9c-01cf32e1c6fa.jpg","filename":"jessica_chastain.jpg","title":"jessica_chastain.jpg","codename":"jessica_chastain_jpg"},{"assetId":"f17563c2-65a0-4cc6-ad0f-0c4979c18592","assetExternalId":"f17563c2-65a0-4cc6-ad0f-0c4979c18592","_zipFilename":"f17563c2-65a0-4cc6-ad0f-0c4979c18592.jpg","filename":"nathalie-boltt.jpg","title":"nathalie-boltt.jpg","codename":"nathalie_boltt_jpg"},{"assetId":"bb68567d-5520-49da-b480-71217a6b2409","assetExternalId":"bb68567d-5520-49da-b480-71217a6b2409","_zipFilename":"bb68567d-5520-49da-b480-71217a6b2409.jpg","filename":"rachel_mcadams.jpg","title":"rachel_mcadams.jpg","codename":"rachel_mcadams_jpg"},{"assetId":"bb0899cf-2c3a-4e3f-8962-60e5a54fcca5","assetExternalId":"bb0899cf-2c3a-4e3f-8962-60e5a54fcca5","_zipFilename":"bb0899cf-2c3a-4e3f-8962-60e5a54fcca5.jpg","filename":"tom_hardy.jpg","title":"tom_hardy.jpg","codename":"tom_hardy_jpg"},{"assetId":"dec406ac-bb61-4640-8045-146794053228","assetExternalId":"dec406ac-bb61-4640-8045-146794053228","_zipFilename":"dec406ac-bb61-4640-8045-146794053228.jpg","filename":"sharlto_copley.jpg","title":"sharlto_copley.jpg","codename":"sharlto_copley_jpg_dec406a"},{"assetId":"1272604d-22cb-45e3-8773-f3a9814adcfe","assetExternalId":"1272604d-22cb-45e3-8773-f3a9814adcfe","_zipFilename":"1272604d-22cb-45e3-8773-f3a9814adcfe.jpg","filename":"about_time.jpg","title":"about_time.jpg","codename":"about_time_jpg"},{"assetId":"787c8c83-16b4-40b4-878e-b90b6d42a4ef","assetExternalId":"787c8c83-16b4-40b4-878e-b90b6d42a4ef","_zipFilename":"787c8c83-16b4-40b4-878e-b90b6d42a4ef.jpg","filename":"the_dark_knight_rises.jpg","title":"the_dark_knight_rises.jpg","codename":"the_dark_knight_rises_jpg"},{"assetId":"22504ba8-2075-48fa-9d4f-8fce3de1754a","assetExternalId":"22504ba8-2075-48fa-9d4f-8fce3de1754a","_zipFilename":"22504ba8-2075-48fa-9d4f-8fce3de1754a.jpg","filename":"warrior.jpg","title":"warrior.jpg","codename":"warrior_jpg"},{"assetId":"091ee2e0-4427-44f0-8f84-690356861f7e","assetExternalId":"091ee2e0-4427-44f0-8f84-690356861f7e","_zipFilename":"091ee2e0-4427-44f0-8f84-690356861f7e.jpg","filename":"the_martian.jpg","title":"the_martian.jpg","codename":"the_martian_jpg"},{"assetId":"6e9d939b-bb00-4158-a2e3-0663e84645d6","assetExternalId":"6e9d939b-bb00-4158-a2e3-0663e84645d6","_zipFilename":"6e9d939b-bb00-4158-a2e3-0663e84645d6.jpg","filename":"district_9.jpg","title":"district_9.jpg","codename":"district_9_jpg"},{"assetId":"fd517d97-c778-4694-b906-f51d8b5d199b","assetExternalId":"fd517d97-c778-4694-b906-f51d8b5d199b","_zipFilename":"fd517d97-c778-4694-b906-f51d8b5d199b.jpg","filename":"monsters.jpg","title":"monsters.jpg","codename":"monsters_jpg"}]