[{"system":{"codename":"anne_hathaway","collection":"default","language":"en","name":"Anne Hathaway","type":"actor","workflow_step":"published","workflow":"default"},"elements":{"first_name":"Anne ","url":"anne-hathaway","last_name":"Hathaway","photo":["https://preview-assets-eu-01.kc-usercontent.com:443/cdbf5823-cbec-010d-f4c3-0411eee31c0e/4aed3ecc-7aab-44c4-9c19-2a5aab3fbdee/anne_hathaway.jpg"]}},{"system":{"codename":"bill_nighy","collection":"default","language":"en","name":"Bill Nighy","type":"actor","workflow_step":"published","workflow":"default"},"elements":{"first_name":"Bill ","url":"bill-nighy","last_name":"Nighy","photo":["https://preview-assets-eu-01.kc-usercontent.com:443/cdbf5823-cbec-010d-f4c3-0411eee31c0e/a613c90b-da9e-4fb5-9da1-c913fe0eb2b2/bill_nighy.jpg"]}},{"system":{"codename":"billy_crystal","collection":"default","language":"en","name":"Billy Crystal","type":"actor","workflow_step":"published","workflow":"default"},"elements":{"first_name":"Billy","url":"billy-crystal","last_name":"Crystal","photo":["https://preview-assets-eu-01.kc-usercontent.com:443/cdbf5823-cbec-010d-f4c3-0411eee31c0e/dd9ed5ce-fc22-4779-96fc-2d9bcd60ade0/billy_crystal.jpg"]}},{"system":{"codename":"christian_bale","collection":"default","language":"en","name":"Christian Bale","type":"actor","workflow_step":"published","workflow":"default"},"elements":{"first_name":"Christian","url":"christian-bale","last_name":"Bale","photo":["https://preview-assets-eu-01.kc-usercontent.com:443/cdbf5823-cbec-010d-f4c3-0411eee31c0e/b0c139ca-6ed5-4daa-bdda-76084a56fcaf/christian_bale.jpg"]}},{"system":{"codename":"domhnall_gleeson","collection":"default","language":"en","name":"Domhnall Gleeson","type":"actor","workflow_step":"published","workflow":"default"},"elements":{"first_name":"Domhnall ","url":"domhnall-gleeson","last_name":"Gleeson","photo":["https://preview-assets-eu-01.kc-usercontent.com:443/cdbf5823-cbec-010d-f4c3-0411eee31c0e/6cb99484-5cb2-4a60-88e6-c2b1e8eceeaf/domhnall_gleeson.jpg"]}},{"system":{"codename":"jessica_chastain","collection":"default","language":"en","name":"Jessica Chastain","type":"actor","workflow_step":"published","workflow":"default"},"elements":{"first_name":"Jessica ","url":"jessica-chastain","last_name":"Chastain","photo":["https://preview-assets-eu-01.kc-usercontent.com:443/cdbf5823-cbec-010d-f4c3-0411eee31c0e/66a2c160-58d4-4cfb-aa9c-01cf32e1c6fa/jessica_chastain.jpg"]}},{"system":{"codename":"joel_edgerton","collection":"default","language":"en","name":"Joel Edgerton","type":"actor","workflow_step":"published","workflow":"default"},"elements":{"first_name":"Joel","url":"joel-edgerton","last_name":"Edgerton","photo":["https://preview-assets-eu-01.kc-usercontent.com:443/cdbf5823-cbec-010d-f4c3-0411eee31c0e/2855720a-4ca4-4687-826a-29f9635088e0/joel_edgerton.jpg"]}},{"system":{"codename":"kristen_wiig","collection":"default","language":"en","name":"Kristen Wiig","type":"actor","workflow_step":"archived","workflow":"default"},"elements":{"first_name":"Kristen ","url":"kristen-wiig","last_name":"Wiig","photo":["https://preview-assets-eu-01.kc-usercontent.com:443/cdbf5823-cbec-010d-f4c3-0411eee31c0e/cff940a8-2b77-41af-9a02-946df5dc3bdf/kristen_wiig.jpg"]}},{"system":{"codename":"matt_damon","collection":"default","language":"en","name":"Matt Damon","type":"actor","workflow_step":"published","workflow":"default"},"elements":{"first_name":"Matt ","url":"","last_name":"Damon","photo":["https://preview-assets-eu-01.kc-usercontent.com:443/cdbf5823-cbec-010d-f4c3-0411eee31c0e/ff319e8f-3e06-49d1-85ed-77b1bc754b45/matt_damon.jpg"]}},{"system":{"codename":"nathalie_boltt","collection":"default","language":"en","name":"Nathalie Boltt","type":"actor","workflow_step":"published","workflow":"default"},"elements":{"first_name":"Nathalie ","url":"nathalie-boltt","last_name":"Boltt","photo":["https://preview-assets-eu-01.kc-usercontent.com:443/cdbf5823-cbec-010d-f4c3-0411eee31c0e/15e1b61a-00d1-4f31-8e23-215708d09584/sharlto_copley.jpg"]}},{"system":{"codename":"rachel_mcadams","collection":"default","language":"en","name":"Rachel McAdams","type":"actor","workflow_step":"published","workflow":"default"},"elements":{"first_name":"Rachel ","url":"rachel-mcadams","last_name":"McAdams","photo":["https://preview-assets-eu-01.kc-usercontent.com:443/cdbf5823-cbec-010d-f4c3-0411eee31c0e/bb68567d-5520-49da-b480-71217a6b2409/rachel_mcadams.jpg"]}},{"system":{"codename":"sharlto_copley","collection":"default","language":"en","name":"Sharlto Copley","type":"actor","workflow_step":"ready_for_review","workflow":"my_test_workflow"},"elements":{"first_name":"Sharlto ","url":"sharlto-copley","last_name":"Copley","photo":["https://preview-assets-eu-01.kc-usercontent.com:443/cdbf5823-cbec-010d-f4c3-0411eee31c0e/dec406ac-bb61-4640-8045-146794053228/sharlto_copley.jpg"]}},{"system":{"codename":"tom_hardy","collection":"default","language":"en","name":"Tom Hardy","type":"actor","workflow_step":"draft","workflow":"default"},"elements":{"first_name":"Tom","url":"tom-hardy","last_name":"Hardy","photo":["https://preview-assets-eu-01.kc-usercontent.com:443/cdbf5823-cbec-010d-f4c3-0411eee31c0e/bb0899cf-2c3a-4e3f-8962-60e5a54fcca5/tom_hardy.jpg"]}},{"system":{"codename":"ec9813f6_194d_018f_e20c_36855fb6e600","collection":"default","language":"en","name":"ec9813f6-194d-018f-e20c-36855fb6e600","type":"actor"},"elements":{"first_name":"Jennifer ","url":"component-actor-url","last_name":"Morrison","photo":[]}}]