[{"system":{"codename":"_the_dark_knight_rises","collection":"default","language":"en","last_modified":"2018-10-02T10:09:45.0612851Z","name":" The Dark Knight Rises","type":"movie","workflow_step":"published"},"elements":{"title":"The Dark Knight Rises","plot":"<p>Eight years after the Joker's reign of anarchy, the Dark Knight, with the help of the enigmatic Selina, is forced from his imposed exile to save Gotham City, now on the edge of total annihilation, from the brutal guerrilla terrorist Bane.</p>","released":"2012-07-20T00:00:00Z","length":164,"poster":["https://assets-eu-01.kc-usercontent.com:443/cdbf5823-cbec-010d-f4c3-0411eee31c0e/787c8c83-16b4-40b4-878e-b90b6d42a4ef/the_dark_knight_rises.jpg"],"category":["sci_fi","action"],"stars":["christian_bale","anne_hathaway","tom_hardy"],"seoname":"the-dark-knight-rises","releasecategory":[]}},{"system":{"codename":"about_time","collection":"default","language":"en","last_modified":"2020-01-23T08:10:17.5810096Z","name":"About Time","type":"movie","workflow_step":"published"},"elements":{"title":"About Time","plot":"<p>At the age of 21, Tim discovers he can travel in time and change what happens and has happened in his own life. His decision to make his world a better place by getting a girlfriend turns out not to be as easy as you might think.</p>","released":"2013-11-08T00:00:00Z","length":123,"poster":["https://assets-eu-01.kc-usercontent.com:443/cdbf5823-cbec-010d-f4c3-0411eee31c0e/1272604d-22cb-45e3-8773-f3a9814adcfe/about_time.jpg"],"category":["sci_fi","romance"],"stars":["bill_nighy","domhnall_gleeson","rachel_mcadams"],"seoname":"about-time","releasecategory":[]}},{"system":{"codename":"district_9","collection":"default","language":"en","last_modified":"2017-06-14T12:30:24.87472Z","name":"District 9","type":"movie","workflow_step":"published"},"elements":{"title":"District 9","plot":"<p>An extraterrestrial race forced to live in slum-like conditions on Earth suddenly finds a kindred spirit in a government agent who is exposed to their biotechnology.</p>","released":"2009-08-14T00:00:00Z","length":112,"poster":["https://assets-eu-01.kc-usercontent.com:443/cdbf5823-cbec-010d-f4c3-0411eee31c0e/6e9d939b-bb00-4158-a2e3-0663e84645d6/district_9.jpg"],"category":["sci_fi","action"],"stars":["sharlto_copley","nathalie_boltt"],"seoname":"district-9","releasecategory":[]}},{"system":{"codename":"monsters__inc_","collection":"default","language":"en","last_modified":"2017-06-14T12:30:31.2522247Z","name":"Monsters, Inc.","type":"movie","workflow_step":"published"},"elements":{"title":"Monsters, Inc.","plot":"<p>In order to power the city, monsters have to scare children so that they scream. However, the children are toxic to the monsters, and after a child gets through, 2 monsters realize things may not be what they think.</p>","released":"2001-11-02T00:00:00Z","length":92,"poster":["https://assets-eu-01.kc-usercontent.com:443/cdbf5823-cbec-010d-f4c3-0411eee31c0e/fd517d97-c778-4694-b906-f51d8b5d199b/monsters.jpg"],"category":["animation","comedy"],"stars":["billy_crystal"],"seoname":"monsters-inc","releasecategory":[]}},{"system":{"codename":"the_martian","collection":"default","language":"en","last_modified":"2019-04-29T07:39:17.202089Z","name":"The Martian","type":"movie","workflow_step":"published"},"elements":{"title":"The Martian","plot":"<p>An astronaut becomes stranded on Mars after his team assume him dead, and must rely on his ingenuity to find a way to signal to Earth that he is alive.</p>\n<figure data-asset-id=\"ff319e8f-3e06-49d1-85ed-77b1bc754b45\" data-image-id=\"ff319e8f-3e06-49d1-85ed-77b1bc754b45\"><img src=\"https://assets-eu-01.kc-usercontent.com:443/cdbf5823-cbec-010d-f4c3-0411eee31c0e/ff319e8f-3e06-49d1-85ed-77b1bc754b45/matt_damon.jpg\" data-asset-id=\"ff319e8f-3e06-49d1-85ed-77b1bc754b45\" data-image-id=\"ff319e8f-3e06-49d1-85ed-77b1bc754b45\" alt=\"\"></figure>\n<figure data-asset-id=\"bb0899cf-2c3a-4e3f-8962-60e5a54fcca5\" data-image-id=\"bb0899cf-2c3a-4e3f-8962-60e5a54fcca5\"><img src=\"https://assets-eu-01.kc-usercontent.com:443/cdbf5823-cbec-010d-f4c3-0411eee31c0e/bb0899cf-2c3a-4e3f-8962-60e5a54fcca5/tom_hardy.jpg\" data-asset-id=\"bb0899cf-2c3a-4e3f-8962-60e5a54fcca5\" data-image-id=\"bb0899cf-2c3a-4e3f-8962-60e5a54fcca5\" alt=\"\"></figure>\n<p><br></p>","released":"2015-10-02T00:00:00Z","length":181,"poster":["https://assets-eu-01.kc-usercontent.com:443/cdbf5823-cbec-010d-f4c3-0411eee31c0e/091ee2e0-4427-44f0-8f84-690356861f7e/the_martian.jpg"],"category":["sci_fi","drama"],"stars":["jessica_chastain","matt_damon"],"seoname":"the-martian","releasecategory":[]}},{"system":{"codename":"warrior","collection":"default","language":"en","last_modified":"2019-09-05T10:51:15.6555984Z","name":"Warrior","type":"movie","workflow_step":"published"},"elements":{"title":"Warrior","plot":"<p>The youngest son of an alcoholic former boxer returns home, where he's trained by his father for competition in a mixed martial arts tournament - a path that puts the fighter on a collision course with his estranged, older brother.</p>\n<p>Stars:&nbsp;</p>\n<object type=\"application/kenticocloud\" data-type=\"item\" data-rel=\"link\" data-codename=\"tom_hardy\"></object>\n<object type=\"application/kenticocloud\" data-type=\"item\" data-rel=\"link\" data-codename=\"joel_edgerton\"></object>\n<p><br></p>\n<p>See more in profile of <a data-manager-link-codename=\"joel_edgerton\" href=\"\">Joel Edgerton</a> and <a data-manager-link-codename=\"tom_hardy\" href=\"\">Tom Hardy</a></p>\n<p>And here are some images:&nbsp;</p>\n<figure data-asset-id=\"22504ba8-2075-48fa-9d4f-8fce3de1754a\" data-image-id=\"22504ba8-2075-48fa-9d4f-8fce3de1754a\"><img src=\"https://assets-eu-01.kc-usercontent.com:443/cdbf5823-cbec-010d-f4c3-0411eee31c0e/22504ba8-2075-48fa-9d4f-8fce3de1754a/warrior.jpg\" data-asset-id=\"22504ba8-2075-48fa-9d4f-8fce3de1754a\" data-image-id=\"22504ba8-2075-48fa-9d4f-8fce3de1754a\" alt=\"\"></figure>\n<figure data-asset-id=\"bb0899cf-2c3a-4e3f-8962-60e5a54fcca5\" data-image-id=\"bb0899cf-2c3a-4e3f-8962-60e5a54fcca5\"><img src=\"https://assets-eu-01.kc-usercontent.com:443/cdbf5823-cbec-010d-f4c3-0411eee31c0e/bb0899cf-2c3a-4e3f-8962-60e5a54fcca5/tom_hardy.jpg\" data-asset-id=\"bb0899cf-2c3a-4e3f-8962-60e5a54fcca5\" data-image-id=\"bb0899cf-2c3a-4e3f-8962-60e5a54fcca5\" alt=\"\"></figure>\n<p><br></p>\n<p>Also, why not include content component in the mix?</p>\n<object type=\"application/kenticocloud\" data-type=\"item\" data-rel=\"component\" data-codename=\"ec9813f6_194d_018f_e20c_36855fb6e600\"></object>","released":"2011-09-09T00:00:00Z","length":151,"poster":["https://assets-eu-01.kc-usercontent.com:443/cdbf5823-cbec-010d-f4c3-0411eee31c0e/22504ba8-2075-48fa-9d4f-8fce3de1754a/warrior.jpg"],"category":["action","drama"],"stars":["tom_hardy","joel_edgerton"],"seoname":"warrior","releasecategory":["global_release","us_only"]}}]