[{"assetId":"dd9ed5ce-fc22-4779-96fc-2d9bcd60ade0","extension":"jpg","filename":"billy_crystal.jpg","url":"https://assets-eu-01.kc-usercontent.com:443/cdbf5823-cbec-010d-f4c3-0411eee31c0e/dd9ed5ce-fc22-4779-96fc-2d9bcd60ade0/billy_crystal.jpg"},{"assetId":"a613c90b-da9e-4fb5-9da1-c913fe0eb2b2","extension":"jpg","filename":"bill_nighy.jpg","url":"https://assets-eu-01.kc-usercontent.com:443/cdbf5823-cbec-010d-f4c3-0411eee31c0e/a613c90b-da9e-4fb5-9da1-c913fe0eb2b2/bill_nighy.jpg"},{"assetId":"4aed3ecc-7aab-44c4-9c19-2a5aab3fbdee","extension":"jpg","filename":"anne_hathaway.jpg","url":"https://assets-eu-01.kc-usercontent.com:443/cdbf5823-cbec-010d-f4c3-0411eee31c0e/4aed3ecc-7aab-44c4-9c19-2a5aab3fbdee/anne_hathaway.jpg"},{"assetId":"2855720a-4ca4-4687-826a-29f9635088e0","extension":"jpg","filename":"joel_edgerton.jpg","url":"https://assets-eu-01.kc-usercontent.com:443/cdbf5823-cbec-010d-f4c3-0411eee31c0e/2855720a-4ca4-4687-826a-29f9635088e0/joel_edgerton.jpg"},{"assetId":"b0c139ca-6ed5-4daa-bdda-76084a56fcaf","extension":"jpg","filename":"christian_bale.jpg","url":"https://assets-eu-01.kc-usercontent.com:443/cdbf5823-cbec-010d-f4c3-0411eee31c0e/b0c139ca-6ed5-4daa-bdda-76084a56fcaf/christian_bale.jpg"},{"assetId":"15e1b61a-00d1-4f31-8e23-215708d09584","extension":"jpg","filename":"sharlto_copley.jpg","url":"https://assets-eu-01.kc-usercontent.com:443/cdbf5823-cbec-010d-f4c3-0411eee31c0e/15e1b61a-00d1-4f31-8e23-215708d09584/sharlto_copley.jpg"},{"assetId":"bb68567d-5520-49da-b480-71217a6b2409","extension":"jpg","filename":"rachel_mcadams.jpg","url":"https://assets-eu-01.kc-usercontent.com:443/cdbf5823-cbec-010d-f4c3-0411eee31c0e/bb68567d-5520-49da-b480-71217a6b2409/rachel_mcadams.jpg"},{"assetId":"ff319e8f-3e06-49d1-85ed-77b1bc754b45","extension":"jpg","filename":"matt_damon.jpg","url":"https://assets-eu-01.kc-usercontent.com:443/cdbf5823-cbec-010d-f4c3-0411eee31c0e/ff319e8f-3e06-49d1-85ed-77b1bc754b45/matt_damon.jpg"},{"assetId":"6cb99484-5cb2-4a60-88e6-c2b1e8eceeaf","extension":"jpg","filename":"domhnall_gleeson.jpg","url":"https://assets-eu-01.kc-usercontent.com:443/cdbf5823-cbec-010d-f4c3-0411eee31c0e/6cb99484-5cb2-4a60-88e6-c2b1e8eceeaf/domhnall_gleeson.jpg"},{"assetId":"66a2c160-58d4-4cfb-aa9c-01cf32e1c6fa","extension":"jpg","filename":"jessica_chastain.jpg","url":"https://assets-eu-01.kc-usercontent.com:443/cdbf5823-cbec-010d-f4c3-0411eee31c0e/66a2c160-58d4-4cfb-aa9c-01cf32e1c6fa/jessica_chastain.jpg"},{"assetId":"bb0899cf-2c3a-4e3f-8962-60e5a54fcca5","extension":"jpg","filename":"tom_hardy.jpg","url":"https://assets-eu-01.kc-usercontent.com:443/cdbf5823-cbec-010d-f4c3-0411eee31c0e/bb0899cf-2c3a-4e3f-8962-60e5a54fcca5/tom_hardy.jpg"},{"assetId":"dec406ac-bb61-4640-8045-146794053228","extension":"jpg","filename":"sharlto_copley.jpg","url":"https://assets-eu-01.kc-usercontent.com:443/cdbf5823-cbec-010d-f4c3-0411eee31c0e/dec406ac-bb61-4640-8045-146794053228/sharlto_copley.jpg"},{"assetId":"1272604d-22cb-45e3-8773-f3a9814adcfe","extension":"jpg","filename":"about_time.jpg","url":"https://assets-eu-01.kc-usercontent.com:443/cdbf5823-cbec-010d-f4c3-0411eee31c0e/1272604d-22cb-45e3-8773-f3a9814adcfe/about_time.jpg"},{"assetId":"787c8c83-16b4-40b4-878e-b90b6d42a4ef","extension":"jpg","filename":"the_dark_knight_rises.jpg","url":"https://assets-eu-01.kc-usercontent.com:443/cdbf5823-cbec-010d-f4c3-0411eee31c0e/787c8c83-16b4-40b4-878e-b90b6d42a4ef/the_dark_knight_rises.jpg"},{"assetId":"22504ba8-2075-48fa-9d4f-8fce3de1754a","extension":"jpg","filename":"warrior.jpg","url":"https://assets-eu-01.kc-usercontent.com:443/cdbf5823-cbec-010d-f4c3-0411eee31c0e/22504ba8-2075-48fa-9d4f-8fce3de1754a/warrior.jpg"},{"assetId":"fd517d97-c778-4694-b906-f51d8b5d199b","extension":"jpg","filename":"monsters.jpg","url":"https://assets-eu-01.kc-usercontent.com:443/cdbf5823-cbec-010d-f4c3-0411eee31c0e/fd517d97-c778-4694-b906-f51d8b5d199b/monsters.jpg"},{"assetId":"6e9d939b-bb00-4158-a2e3-0663e84645d6","extension":"jpg","filename":"district_9.jpg","url":"https://assets-eu-01.kc-usercontent.com:443/cdbf5823-cbec-010d-f4c3-0411eee31c0e/6e9d939b-bb00-4158-a2e3-0663e84645d6/district_9.jpg"},{"assetId":"091ee2e0-4427-44f0-8f84-690356861f7e","extension":"jpg","filename":"the_martian.jpg","url":"https://assets-eu-01.kc-usercontent.com:443/cdbf5823-cbec-010d-f4c3-0411eee31c0e/091ee2e0-4427-44f0-8f84-690356861f7e/the_martian.jpg"}]